{
  "mean": [37.51918167795799],
  "std": [0.408857915337653]
}
