{
  "mean": [37.66070924408031],
  "std": [0.4299641419913863]
}
